{
  "current": {
    "promo_banner_show": "enable",
    "promo_banner_text": "Free Domestic Shipping on Orders Over $100",
    "promo_banner_link": "",
    "promo_banner_active_from": "",
    "promo_banner_active_to": "",
    "hp_header_color": "header-clear_text",
    "logo": "",
    "logo_max_width": "250",
    "nav_divider": "4",
    "checkout_continue_link": "shopify:\/\/collections\/all",
    "footer_linklist": "footer",
    "social_sharing_blog": true,
    "share_facebook": true,
    "share_twitter": true,
    "share_pinterest": true,
    "social_facebook_link": "https:\/\/www.facebook.com\/landofdistraction",
    "social_instagram_link": "https:\/\/www.instagram.com\/landofdistraction\/",
    "social_twitter_link": "",
    "social_pinterest_link": "",
    "social_tumblr_link": "",
    "social_youtube_link": "",
    "social_vimeo_link": "",
    "fb_app_id": "164470574181489",
    "fb_app_ver": "v2.10",
    "product_preorder_tag": "Pre-Order",
    "product_preorder_delivery": "4 weeks",
    "product_default_delivery": "3 – 7 working days",
    "show_related_products": true,
    "product_soldout_text": "We are currently sold out of this product. <br>Enter your email below if you'd like to be notified when it is back in stock.",
    "related_title": "Complete the Look",
    "product_bg": "shopify:\/\/shop_images\/Col_2_Prod.jpg",
    "collection_color_filters": "black,blue,brown,green,grey,nude,orange,red,striped,yellow,white",
    "collection_size_filters": "0,2,4,6,8,10",
    "collection_pagination": "3",
    "empty_search_collection_title": "New Arrivals",
    "empty_search_collection": "all",
    "cart_notes_enable": false,
    "cart_help_text": "Have Questions? Please visit our <a href=\"\/pages\/faq\">FAQ<\/a> section or write us at <a href=\"mailto:customercare@landofdistraction.com\">customercare@landofdistraction.com<\/a>",
    "favicon": "shopify:\/\/shop_images\/LODFavicon.png",
    "show_multiple_currencies": false,
    "show_decimal_places": true,
    "hide_decimal_places": false,
    "currency_format": "money_with_currency_format",
    "supported_currencies": "INR GBP CAD USD AUD EUR JPY",
    "default_currency": "USD",
    "product_sizechart_enable": true,
    "size_chart_image": "",
    "size_chart_content_data": "",
    "size_chart_content_top": "",
    "size_chart_content_bottom": "",
    "minify_js_enable": false,
    "checkout_header_image": "",
    "checkout_logo_image": "shopify:\/\/shop_images\/LOD_Logo_White.png",
    "checkout_logo_position": "center",
    "checkout_logo_size": "medium",
    "checkout_body_background_image": "",
    "checkout_body_background_color": "#ffffff",
    "checkout_input_background_color_mode": "transparent",
    "checkout_sidebar_background_image": "",
    "checkout_sidebar_background_color": "#fafafa",
    "checkout_heading_font": "Helvetica Neue",
    "checkout_body_font": "Helvetica Neue",
    "checkout_accent_color": "#fcfeff",
    "checkout_button_color": "#ffffff",
    "checkout_error_color": "#ff6d6d",
    "sub_modal_promo": "",
    "sub_modal_errormsg": "Oops, something wrong happened, please try again later",
    "sub_modal_successmsg": "Thank you! You will receive an email to confirm your subscription shortly.",
    "sub_modal_requiredmsg": "Error: required field",
    "sub_modal_erroremail": "Error: please ensure formatting is correct",
    "sub_modal_delay": "2000",
    "sub_modal_cookieenable": false,
    "sub_modal_cookiedays": "1",
    "social_snapchat_link": "",
    "sections": {
      "collection-list": {
        "type": "collection-list",
        "blocks": {
          "collection-list-0": {
            "type": "collection",
            "settings": {
              "collection": ""
            }
          },
          "collection-list-1": {
            "type": "collection",
            "settings": {
              "collection": ""
            }
          },
          "collection-list-2": {
            "type": "collection",
            "settings": {
              "collection": ""
            }
          }
        },
        "block_order": [
          "collection-list-0",
          "collection-list-1",
          "collection-list-2"
        ],
        "settings": {
          "title": "Collection list"
        }
      },
      "featured-collection": {
        "type": "featured-collection",
        "settings": {
          "title": "Featured collection",
          "collection": ""
        }
      },
      "featured-product": {
        "type": "featured-product",
        "settings": {
          "product": "",
          "show_share_buttons": false
        }
      },
      "1512504485241": {
        "type": "home-image-module",
        "blocks": {
          "1512504532782": {
            "type": "module_image",
            "settings": {
              "module_image": "shopify:\/\/shop_images\/3_desktop.jpg",
              "show_mobile": false,
              "mobile_image": "shopify:\/\/shop_images\/3_mobile.jpg"
            }
          }
        },
        "block_order": [
          "1512504532782"
        ],
        "settings": {
          "header_color": "white",
          "text_color": "white",
          "cta_text": "Explore Collection",
          "cta_link": "shopify:\/\/collections\/collection-2",
          "video_enable": false,
          "video_url": "https:\/\/vimeo.com\/249849988",
          "video_image": ""
        }
      },
      "1512582355374": {
        "type": "home-video-module",
        "blocks": {
          "1512582415547": {
            "type": "module_caption",
            "settings": {
              "text_alignment": "left",
              "title": ""
            }
          },
          "1512582436754": {
            "type": "module_caption",
            "settings": {
              "text_alignment": "left",
              "title": ""
            }
          },
          "1512582437878": {
            "type": "module_caption",
            "settings": {
              "text_alignment": "center",
              "title": ""
            }
          },
          "1512582470391": {
            "type": "module_caption",
            "settings": {
              "text_alignment": "right",
              "title": ""
            }
          }
        },
        "block_order": [
          "1512582415547",
          "1512582436754",
          "1512582437878",
          "1512582470391"
        ],
        "settings": {
          "header_color": "black",
          "text_color": "white",
          "cta_text": "About the brand",
          "cta_link": "shopify:\/\/pages\/about",
          "video_enable_1": true,
          "video_url_1": "https:\/\/vimeo.com\/276957971",
          "video_image_1": "",
          "video_enable_2": true,
          "video_url_2": "https:\/\/vimeo.com\/276957971",
          "video_image_2": ""
        }
      },
      "1512660221784": {
        "type": "home-image-with-bg",
        "blocks": {
          "1512660228541": {
            "type": "module_image",
            "settings": {
              "image": "shopify:\/\/shop_images\/sku_18F2002COT_color_blonde__2061_copy.jpg",
              "title": "shop",
              "link": "shopify:\/\/products\/gayle_blonde"
            }
          },
          "1512660249422": {
            "type": "module_image",
            "settings": {
              "image": "shopify:\/\/shop_images\/sku_18F1002CPS_color_milk__1905_copy.jpg",
              "title": "shop",
              "link": "shopify:\/\/products\/anne_milk"
            }
          }
        },
        "block_order": [
          "1512660228541",
          "1512660249422"
        ],
        "settings": {
          "header_color": "white",
          "text_color": "white",
          "layout_type": "2",
          "bg_color": "white"
        }
      },
      "1512673920410": {
        "type": "home-image-with-bg",
        "disabled": true,
        "blocks": {
          "1512673950556": {
            "type": "module_image",
            "settings": {
              "image": "shopify:\/\/shop_images\/HomeModule2_3.jpg",
              "title": "Explore",
              "link": ""
            }
          },
          "1512673954617": {
            "type": "module_image",
            "settings": {
              "image": "shopify:\/\/shop_images\/HomeModule2_4.jpg",
              "title": "Explore",
              "link": ""
            }
          }
        },
        "block_order": [
          "1512673950556",
          "1512673954617"
        ],
        "settings": {
          "header_color": "white",
          "text_color": "white",
          "layout_type": "2",
          "bg_color": "olive"
        }
      },
      "1512678448782": {
        "type": "home-image-with-bg",
        "disabled": true,
        "blocks": {
          "1512678457657": {
            "type": "module_image",
            "settings": {
              "image": "shopify:\/\/shop_images\/HomeModule2_5.jpg",
              "title": "Explore",
              "link": ""
            }
          },
          "1512678469390": {
            "type": "module_image",
            "settings": {
              "image": "shopify:\/\/shop_images\/HomeModule2_6.jpg",
              "title": "Explore",
              "link": ""
            }
          },
          "1512678483296": {
            "type": "module_image",
            "settings": {
              "image": "shopify:\/\/shop_images\/HomeModule2_7.jpg",
              "title": "Explore",
              "link": ""
            }
          }
        },
        "block_order": [
          "1512678457657",
          "1512678469390",
          "1512678483296"
        ],
        "settings": {
          "header_color": "white",
          "text_color": "white",
          "layout_type": "4",
          "bg_color": "maroon"
        }
      },
      "1512678534993": {
        "type": "home-image-with-bg",
        "disabled": true,
        "blocks": {
          "1512678546555": {
            "type": "module_image",
            "settings": {
              "image": "shopify:\/\/shop_images\/HomeModule2_9.jpg",
              "title": "Explore",
              "link": ""
            }
          },
          "1512679148567": {
            "type": "module_image",
            "settings": {
              "image": "shopify:\/\/shop_images\/HomeModule2_2.jpg",
              "title": "Explore",
              "link": ""
            }
          },
          "1512678562677": {
            "type": "module_image",
            "settings": {
              "image": "shopify:\/\/shop_images\/HomeModule2_9.jpg",
              "title": "Explore",
              "link": ""
            }
          }
        },
        "block_order": [
          "1512678546555",
          "1512679148567",
          "1512678562677"
        ],
        "settings": {
          "header_color": "white",
          "text_color": "white",
          "layout_type": "4",
          "bg_color": "black"
        }
      },
      "1512689478363": {
        "type": "home-image-module",
        "blocks": {
          "1525893119396": {
            "type": "module_caption",
            "settings": {
              "text_alignment": "right",
              "title": "easy"
            }
          },
          "1512689521211": {
            "type": "module_caption",
            "settings": {
              "text_alignment": "right",
              "title": "utilitarian"
            }
          },
          "1512689523992": {
            "type": "module_caption",
            "settings": {
              "text_alignment": "center",
              "title": "well crafted"
            }
          },
          "1512689526499": {
            "type": "module_caption",
            "settings": {
              "text_alignment": "left",
              "title": "welcome to our land"
            }
          },
          "1512689579253": {
            "type": "module_image",
            "settings": {
              "module_image": "shopify:\/\/shop_images\/1_desktop_4b850cbd-a086-4114-b0b8-1ccd420105ca.jpg",
              "show_mobile": true,
              "mobile_image": "shopify:\/\/shop_images\/1_mobile_af04ed65-ffbc-42b1-a1f4-17a79c54dcf6.jpg"
            }
          },
          "1531761400129": {
            "type": "module_image",
            "settings": {
              "module_image": "shopify:\/\/shop_images\/2_desktop.jpg",
              "show_mobile": false,
              "mobile_image": "shopify:\/\/shop_images\/2_mobile.jpg"
            }
          }
        },
        "block_order": [
          "1525893119396",
          "1512689521211",
          "1512689523992",
          "1512689526499",
          "1531761400129",
          "1512689579253"
        ],
        "settings": {
          "header_color": "white",
          "text_color": "white",
          "cta_text": "Explore",
          "cta_link": "shopify:\/\/collections\/collection-2",
          "video_enable": false,
          "video_url": "",
          "video_image": ""
        }
      },
      "related-products": {
        "type": "related-products",
        "settings": {
        }
      },
      "page-about": {
        "type": "page-about",
        "blocks": {
          "1515103454478": {
            "type": "page_images",
            "settings": {
              "title": "",
              "page_image": "shopify:\/\/shop_images\/About_1_b7692dca-4427-4daf-98d3-705b5f394309.jpg"
            }
          },
          "1515103468124": {
            "type": "page_images",
            "settings": {
              "title": "",
              "page_image": "shopify:\/\/shop_images\/About_2_dfa62499-21e4-448c-a6e4-afdbe0d7b5df.jpg"
            }
          }
        },
        "block_order": [
          "1515103454478",
          "1515103468124"
        ],
        "settings": {
          "contact_title": "Inquiries",
          "contact_email": "info@landofdistraction.com",
          "contact_title_2": "Contact",
          "contact_email_2": "customercare@landofdistraction.com",
          "social_title": "Follow Us",
          "enable_social": true,
          "social_menu": "social"
        }
      },
      "product-size-chart": {
        "type": "product-size-chart",
        "blocks": {
          "1516827808183": {
            "type": "size_measurements",
            "settings": {
              "title": "",
              "enable_headers": true,
              "inches_content": "[,0 | XXS,2 | XS,4 | S,6 | M,8 | L,10 | XL,12 | XXL]\n[Bust,  32,  33,  34,  35,  36,  37, \n 38.5]\n[Waist, 25, 26, 27, 28, 29, 30, 31.5]\n[Hip, 35, 36, 37, 38, 39, 40, 41.5]",
              "centimeters_content": "[, 0 | XXS, 2 | XS, 4 | S, 6 | M, 8 | L, 10 | XL, 12 | XXL]\n[Bust, 81.3, 83.8, 86.4, 88.9, 91.4, 94, 97.8]\n[Waist, 63.5, 66, 68.6, 71.1, 73.7, 76.2, 80]\n[Hip, 88.9, 91.4, 94, 96.5, 99.1, 101.6, 105.4]"
            }
          },
          "1516828036097": {
            "type": "size_conversions",
            "settings": {
              "title": "",
              "enable_headers": false,
              "chart_content": "[US, 0 | XXS,2 | XS,4 | S,6 | M,8 | L,10 | XL,12 | XXL]\n[France, 34, 36, 38, 40, 42, 44, 46]\n[Italy, 36, 38, 40, 42, 44, 46, 48]\n[UK, 4, 6, 8, 10, 12, 14, 16]\n[Japan, 3, 5, 7, 9, 11, 13, 15]\n[Denim, 23,24-25,26-27,27-28,29-30,31-32,32-33]"
            }
          }
        },
        "block_order": [
          "1516827808183",
          "1516828036097"
        ],
        "settings": {
          "need_help_text": "Need Help?",
          "need_help_link": "shopify:\/\/pages\/faq"
        }
      },
      "1528315925064": {
        "type": "home-image-module",
        "disabled": true,
        "blocks": {
          "1528316005065": {
            "type": "module_image",
            "settings": {
              "module_image": "shopify:\/\/shop_images\/landingpage1200X1920_015f7004-f079-4c0d-a4f9-d1a1b0cf86e2.jpg",
              "show_mobile": false,
              "mobile_image": "shopify:\/\/shop_images\/landingpage1024x1366_1d558f89-9956-42d3-8164-ead70be3e741.jpg"
            }
          },
          "1528315947876": {
            "type": "module_image",
            "settings": {
              "module_image": "shopify:\/\/shop_images\/sku_18F3000RRS_color_railroadstripe__1687_desktop.jpg",
              "show_mobile": false,
              "mobile_image": "shopify:\/\/shop_images\/sku_18F3000RRS_color_railroadstripe__1687_mobile.jpg"
            }
          }
        },
        "block_order": [
          "1528316005065",
          "1528315947876"
        ],
        "settings": {
          "header_color": "black",
          "text_color": "black",
          "cta_text": "Explore",
          "cta_link": "shopify:\/\/collections\/collection-2",
          "video_enable": false,
          "video_url": "",
          "video_image": ""
        }
      }
    },
    "content_for_index": [
      "1512689478363",
      "1512660221784",
      "1512504485241",
      "1512582355374",
      "1528315925064",
      "1512678534993",
      "1512678448782",
      "1512673920410"
    ]
  },
  "presets": {
    "Default": {
      "sections": {
        "collection-list": {
          "type": "collection-list",
          "blocks": {
            "collection-list-0": {
              "type": "collection",
              "settings": {
              }
            },
            "collection-list-1": {
              "type": "collection",
              "settings": {
              }
            },
            "collection-list-2": {
              "type": "collection",
              "settings": {
              }
            }
          },
          "block_order": [
            "collection-list-0",
            "collection-list-1",
            "collection-list-2"
          ],
          "settings": {
          }
        },
        "featured-collection": {
          "type": "featured-collection",
          "settings": {
            "collection": "frontpage"
          }
        },
        "featured-product": {
          "type": "featured-product",
          "settings": {
          }
        }
      },
      "content_for_index": [
        "collection-list",
        "featured-collection",
        "featured-product"
      ]
    }
  }
}