[{"name":"theme_info","theme_name":"Slate","theme_version":"0.10.2","theme_author":"Shopify","theme_documentation_url":"https:\/\/shopify.github.io\/slate\/","theme_support_url":"https:\/\/github.com\/Shopify\/slate"},{"name":"Header","settings":[{"content":"Promo Banner","type":"header"},{"id":"promo_banner_show","label":"Activate Promo Banner","type":"radio","options":[{"value":"enable","label":"Enable"},{"value":"disable","label":"Disable"}],"default":"disable"},{"id":"promo_banner_text","label":"Promo Banner Text","type":"text"},{"id":"promo_banner_link","label":"Promo Banner Link","type":"url"},{"id":"promo_banner_active_from","label":"Active from (YYYY-MM-DD)","type":"text","placeholder":"Optional"},{"id":"promo_banner_active_to","label":"Active up to (YYYY-MM-DD)","type":"text","placeholder":"Optional"},{"type":"header","content":"Homepage"},{"type":"radio","options":[{"value":"header-clear_text","label":"Clear"},{"value":"header-dark_text","label":"Dark"}],"default":"header-dark_text","id":"hp_header_color","label":"Homepage Header Default Color"},{"type":"header","content":"Logo"},{"type":"image_picker","id":"logo","label":"Logo image"},{"type":"text","id":"logo_max_width","label":"Custom logo width (in pixels)","default":"250"},{"type":"header","content":"Navi"},{"type":"text","id":"nav_divider","label":"Items \/ Navi Column","default":"4"}]},{"name":"Checkout options","settings":[{"type":"url","id":"checkout_continue_link","label":"Continue Shopping Link","default":"\/collections\/all"}]},{"name":"Footer","settings":[{"type":"link_list","id":"footer_linklist","label":"First menu","default":"footer"}]},{"name":"Social media","settings":[{"type":"header","content":"Social sharing options"},{"type":"checkbox","id":"social_sharing_blog","label":"Enable sharing for blog articles","default":true},{"type":"checkbox","id":"share_facebook","label":"Share on Facebook","default":true},{"type":"checkbox","id":"share_twitter","label":"Tweet on Twitter","default":true},{"type":"checkbox","id":"share_pinterest","label":"Pin on Pinterest","default":true},{"type":"header","content":"Sharing links"},{"type":"text","id":"social_facebook_link","label":"Facebook link"},{"type":"text","id":"social_instagram_link","label":"Instagram link"},{"type":"text","id":"social_twitter_link","label":"Twitter link"},{"type":"text","id":"social_pinterest_link","label":"Pinterest link"},{"type":"text","id":"social_tumblr_link","label":"Tumblr link"},{"type":"text","id":"social_youtube_link","label":"Youtube link"},{"type":"text","id":"social_vimeo_link","label":"Vimeo link"},{"type":"header","content":"Facebook SDK"},{"type":"text","id":"fb_app_id","label":"Facebook Share Application Id"},{"type":"text","id":"fb_app_ver","label":"Facebook Share Application Version (e.g. v2.10)"}]},{"name":"Product","settings":[{"type":"text","id":"product_preorder_tag","label":"PreOrder Product Tag Name","default":"Pre-Order"},{"type":"text","id":"product_preorder_delivery","label":"Default PreOrder Product Delivery Message","default":"4 weeks"},{"type":"text","id":"product_default_delivery","label":"Default Product Delivery Message","default":"3 – 7 working days"},{"type":"checkbox","id":"show_related_products","label":"Show related products","default":false},{"id":"product_soldout_text","type":"text","label":"Text for sold out items","default":"We are currently sold out of this product. If you would like to learn if it will be back soon, please email help@landofdistraction.com"},{"id":"related_title","type":"text","label":"Section title","default":"Pair it With"},{"type":"image_picker","id":"product_bg","label":"Default BG Image","info":"Default background image of product info container"}]},{"name":"Collection Pages","settings":[{"id":"collection_color_filters","label":"Color Filter List","type":"text","info":"Comma separated (no space before or after commas)"},{"id":"collection_size_filters","label":"Size Filter List","type":"text","info":"Comma separated (no space before or after commas)"},{"id":"collection_pagination","label":"Showing how many product per page","type":"text","default":"3","info":"Number Only"}]},{"name":"Search Pages","settings":[{"id":"empty_search_collection_title","label":"Empty search collection title","type":"text","default":"New Arrivals"},{"id":"empty_search_collection","label":"Empty search collection","type":"collection","info":"Limited to 3 products"}]},{"name":"Cart","settings":[{"type":"checkbox","id":"cart_notes_enable","label":"Enable cart notes","default":false},{"id":"cart_help_text","label":"Cart Help Text","type":"text","default":"Have Questions? Please visit out <a href=\"\/pages\/faq\">FAQ<\/a> section or write us at <a href=\"mailto:help@landofdistraction.com\">help@landofdistraction.com<\/a>"}]},{"name":"Favicon","settings":[{"type":"image_picker","id":"favicon","label":"Favicon image","info":"Will be scaled down to 32 x 32px"}]},{"settings":[{"id":"show_multiple_currencies","default":true,"label":"Enable Auto Currency App?","type":"checkbox"},{"content":"Although you will be able to display prices on your store front in different currencies, Shopify will still process orders in your shop's currency.","type":"paragraph"},{"id":"show_decimal_places","default":true,"label":"Round Decimal Digits to .00 ?","type":"checkbox"},{"id":"hide_decimal_places","label":"Hide Decimal Digits? ( Remove .00 )","type":"checkbox"},{"content":"By selecting the Hide Decimal Digits checkbox, the prices will be diplayed without decimal digits.","type":"paragraph"},{"id":"currency_format","default":"money_with_currency_format","label":"Money format","type":"select","options":[{"value":"money_format","label":"Without Currency, ex: $10.00"},{"value":"money_with_currency_format","label":"With Currency, ex: $10 CAD"}]},{"id":"supported_currencies","default":"INR GBP CAD USD AUD EUR JPY","label":"Currencies you wish to support","type":"text"},{"id":"default_currency","default":"USD","label":"Default currency","type":"text"},{"content":"Separate your currency codes with a space. Use the ISO 4217 3-letter currency code. Click [here](http:\/\/www.xe.com\/iso4217.php) for a complete list of currency codes. Example: CAD USD.","type":"paragraph"}],"name":"Money options"},{"name":"Size Chart","settings":[{"id":"product_sizechart_enable","label":"Show size chart link","type":"checkbox","default":true},{"type":"image_picker","id":"size_chart_image","label":"Size Chart Image"},{"type":"textarea","id":"size_chart_content_data","label":"Size Chart Data"},{"type":"textarea","id":"size_chart_content_top","label":"Measurement title content"},{"type":"textarea","id":"size_chart_content_bottom","label":"Measurement list Content"}]},{"settings":[{"id":"minify_js_enable","label":"Use minified JS","type":"checkbox","info":"Disable for Development"}],"name":"1R Global Settings"}]